{
  "Component-preload.js": 1732021396118,
  "test/integration/FirstJourney.js": 1732018761574,
  "test/integration/pages/IncidentsList.js": 1732018761570,
  "test/integration/opaTests.qunit.js": 1732018761562,
  "test/integration/pages/IncidentsObjectPage.js": 1732018761570,
  "test/testsuite.qunit.js": 1732018761554,
  "xs-app.json": 1732021386328,
  "manifest.json": 1732020528553,
  "Component.js": 1732018761522,
  "test/integration/opaTests.qunit-dbg.js": 1732018761562,
  "test/integration/opaTests.qunit.js.map": 1732021396030,
  "test/integration/pages/IncidentsList-dbg.js": 1732018761570,
  "test/integration/pages/IncidentsList.js.map": 1732021395985,
  "test/integration/FirstJourney-dbg.js": 1732018761574,
  "test/integration/FirstJourney.js.map": 1732021396036,
  "test/integration/pages/IncidentsObjectPage-dbg.js": 1732018761570,
  "test/integration/pages/IncidentsObjectPage.js.map": 1732021396031,
  "test/testsuite.qunit-dbg.js": 1732018761554,
  "test/testsuite.qunit.js.map": 1732021395999,
  "Component-dbg.js": 1732018761522,
  "Component.js.map": 1732021396012,
  "i18n/i18n.properties": 1732018769658,
  "Component-preload.js.map": 1732021396118,
  "test/integration/opaTests.qunit.html": 1732018761562,
  "test/testsuite.qunit.html": 1732018761542,
  "test/flpSandbox.html": 1732018761542,
  "index.html": 1732018761522
}